{
    "display": {
        "title": {
            "text": "Minecraft Sex"
        },
        "description": {
            "text": "Pop the cherry ;)"
        },
        "icon": {
            "item": "minecraft:stick",
	    "nbt": "{CustomModelData:6969690}"
        },
        "frame": "task",
        "show_toast": true,
        "announce_to_chat": true,
        "hidden": true,
        "background": "minecraft:textures/block/white_terracotta.png"
    },
    "criteria": {
        "bonus": {
            "trigger": "minecraft:impossible"
        }
    }
}