{
    "display": {
        "title": {
            "text": "3 is the Magic Number"
        },
        "description": {
            "text": "Reach Sex Level 33"
        },
        "icon": {
            "item": "minecraft:stick",
	    "nbt": "{CustomModelData:6969690}"
        },
        "frame": "task",
        "show_toast": true,
        "announce_to_chat": true,
        "hidden": false
    },
    "criteria": {
        "dieToDying": {
            "trigger": "minecraft:impossible"
        }
    },
    "parent": "pp_msm:level_18"
}